,Medu,Fedu,failures,Grade,Pedu
0,4,4,0,6,4.0
1,4,4,0,6,4.0
2,4,4,0,6,4.0
3,1,1,0,6,1.0
4,1,1,0,6,1.0
5,1,1,3,10,1.0
6,1,1,3,10,1.0
7,4,2,0,15,3.0
8,4,2,0,15,3.0
9,3,3,0,10,3.0
10,3,3,0,10,3.0
11,3,3,0,10,3.0
12,3,3,0,10,3.0
13,3,3,0,10,3.0
14,3,3,0,10,3.0
15,3,3,0,10,3.0
16,3,3,0,10,3.0
17,3,3,0,10,3.0
18,3,3,0,10,3.0
19,3,3,0,10,3.0
20,3,3,0,10,3.0
21,3,3,0,10,3.0
22,3,3,0,10,3.0
23,3,3,0,10,3.0
24,3,3,0,10,3.0
25,3,3,0,10,3.0
26,3,3,0,10,3.0
27,3,3,0,10,3.0
28,3,3,0,10,3.0
29,3,3,0,10,3.0
30,3,3,0,10,3.0
31,3,3,0,10,3.0
32,3,3,0,10,3.0
33,3,3,0,10,3.0
34,3,3,0,10,3.0
35,3,3,0,10,3.0
36,3,3,0,10,3.0
37,3,3,0,10,3.0
38,3,3,0,10,3.0
39,3,3,0,10,3.0
40,3,3,0,10,3.0
41,3,3,0,10,3.0
42,3,3,0,10,3.0
43,3,3,0,10,3.0
44,3,3,0,10,3.0
45,3,3,0,10,3.0
46,3,3,0,10,3.0
47,3,3,0,10,3.0
48,3,3,0,10,3.0
49,3,3,0,10,3.0
50,3,3,0,10,3.0
51,4,3,0,15,3.5
52,4,3,0,15,3.5
53,4,3,0,15,3.5
54,4,3,0,15,3.5
55,4,3,0,15,3.5
56,4,3,0,15,3.5
57,4,3,0,15,3.5
58,4,3,0,15,3.5
59,4,3,0,15,3.5
60,4,3,0,15,3.5
61,4,3,0,15,3.5
62,4,3,0,15,3.5
63,4,3,0,15,3.5
64,4,3,0,15,3.5
65,4,3,0,15,3.5
66,4,3,0,15,3.5
67,4,3,0,15,3.5
68,4,3,0,15,3.5
69,4,3,0,15,3.5
70,4,3,0,15,3.5
71,4,3,0,15,3.5
72,4,3,0,15,3.5
73,4,3,0,15,3.5
74,4,3,0,15,3.5
75,4,3,0,15,3.5
76,4,3,0,15,3.5
77,4,3,0,15,3.5
78,4,3,0,15,3.5
79,4,3,0,15,3.5
80,4,3,0,15,3.5
81,4,3,0,15,3.5
82,4,3,0,15,3.5
83,4,3,0,15,3.5
84,4,3,0,15,3.5
85,4,3,0,15,3.5
86,4,3,0,15,3.5
87,4,3,0,15,3.5
88,4,3,0,15,3.5
89,4,3,0,15,3.5
90,4,3,0,15,3.5
91,4,3,0,15,3.5
92,4,3,0,15,3.5
93,4,3,0,15,3.5
94,4,3,0,15,3.5
95,4,3,0,15,3.5
96,4,3,0,15,3.5
97,4,3,0,15,3.5
98,4,3,0,15,3.5
99,4,3,0,15,3.5
100,4,3,0,15,3.5
101,4,3,0,15,3.5
102,4,3,0,15,3.5
103,4,3,0,15,3.5
104,4,3,0,15,3.5
105,4,3,0,15,3.5
106,4,3,0,15,3.5
107,2,2,0,11,2.0
108,2,2,0,11,2.0
109,2,2,0,11,2.0
110,2,2,0,11,2.0
111,2,2,0,11,2.0
112,2,2,0,11,2.0
113,2,2,0,11,2.0
114,2,2,0,11,2.0
115,2,2,0,11,2.0
116,2,2,0,11,2.0
117,2,2,0,11,2.0
118,2,2,0,11,2.0
119,2,2,0,11,2.0
120,2,2,0,11,2.0
121,2,2,0,11,2.0
122,2,2,0,11,2.0
123,2,2,0,11,2.0
124,2,2,0,11,2.0
125,2,2,0,11,2.0
126,2,2,0,11,2.0
127,2,2,0,11,2.0
128,2,2,0,11,2.0
129,2,2,0,11,2.0
130,2,2,0,11,2.0
131,2,2,0,11,2.0
132,2,2,0,11,2.0
133,2,2,0,11,2.0
134,2,2,0,11,2.0
135,2,2,0,11,2.0
136,2,2,0,11,2.0
137,2,2,0,11,2.0
138,2,2,0,11,2.0
139,2,2,0,11,2.0
140,2,2,0,11,2.0
141,2,2,0,11,2.0
142,2,2,0,11,2.0
143,2,2,0,11,2.0
144,2,2,0,11,2.0
145,2,2,0,11,2.0
146,2,2,0,11,2.0
147,2,2,0,11,2.0
148,2,2,0,11,2.0
149,2,2,0,11,2.0
150,2,2,0,11,2.0
151,2,2,0,11,2.0
152,2,2,0,11,2.0
153,2,2,0,11,2.0
154,2,2,0,11,2.0
155,2,2,0,11,2.0
156,2,2,0,11,2.0
157,2,2,0,11,2.0
158,2,2,0,11,2.0
159,2,2,0,11,2.0
160,2,2,0,11,2.0
161,2,2,0,11,2.0
162,2,2,0,11,2.0
163,2,2,0,11,2.0
164,2,2,0,11,2.0
165,2,2,0,11,2.0
166,2,2,0,11,2.0
167,2,2,0,11,2.0
168,2,2,0,11,2.0
169,2,2,0,11,2.0
170,2,2,0,11,2.0
171,2,2,0,11,2.0
172,2,2,0,11,2.0
173,2,2,0,11,2.0
174,2,2,0,11,2.0
175,2,2,0,11,2.0
176,2,2,0,11,2.0
177,2,2,0,11,2.0
178,2,2,0,11,2.0
179,2,2,0,11,2.0
180,2,2,0,11,2.0
181,2,2,0,11,2.0
182,2,2,0,11,2.0
183,2,2,0,11,2.0
184,2,2,0,11,2.0
185,2,2,0,11,2.0
186,2,2,0,11,2.0
187,2,2,0,11,2.0
188,2,2,0,11,2.0
189,2,2,0,11,2.0
190,2,2,0,11,2.0
191,2,2,0,11,2.0
192,2,2,0,11,2.0
193,2,2,0,11,2.0
194,2,2,0,11,2.0
195,2,2,0,11,2.0
196,2,2,0,11,2.0
197,2,2,0,11,2.0
198,2,2,0,11,2.0
199,2,2,0,11,2.0
200,2,2,0,11,2.0
201,2,2,0,11,2.0
202,2,2,0,11,2.0
203,2,2,0,11,2.0
204,2,2,0,11,2.0
205,2,2,0,11,2.0
206,2,2,0,11,2.0
207,2,2,0,11,2.0
208,2,2,0,11,2.0
209,2,2,0,11,2.0
210,2,2,0,11,2.0
211,2,2,0,11,2.0
212,2,2,0,11,2.0
213,2,2,0,11,2.0
214,2,2,0,11,2.0
215,2,2,0,11,2.0
216,2,2,0,11,2.0
217,2,2,0,11,2.0
218,2,2,0,11,2.0
219,2,2,0,11,2.0
220,2,2,0,11,2.0
221,2,2,0,11,2.0
222,2,2,0,11,2.0
223,2,2,0,11,2.0
224,2,2,0,11,2.0
225,2,2,0,11,2.0
226,2,2,0,11,2.0
227,2,2,0,11,2.0
228,2,2,0,11,2.0
229,2,2,0,11,2.0
230,2,2,0,11,2.0
231,2,2,0,11,2.0
232,2,2,0,11,2.0
233,2,2,0,11,2.0
234,2,2,0,11,2.0
235,2,2,0,11,2.0
236,2,2,0,11,2.0
237,2,2,0,11,2.0
238,2,2,0,11,2.0
239,2,2,0,11,2.0
240,2,2,0,11,2.0
241,2,2,0,11,2.0
242,2,2,0,11,2.0
243,2,2,0,11,2.0
244,2,2,0,11,2.0
245,2,2,0,11,2.0
246,2,2,0,11,2.0
247,2,2,0,11,2.0
248,2,2,0,11,2.0
249,2,2,0,11,2.0
250,2,2,0,11,2.0
251,2,2,0,11,2.0
252,2,2,0,11,2.0
253,2,2,0,11,2.0
254,2,2,0,11,2.0
255,2,2,0,11,2.0
256,2,2,0,11,2.0
257,3,2,0,19,2.5
258,3,4,0,15,3.5
259,3,4,0,15,3.5
260,3,4,0,15,3.5
261,4,4,0,9,4.0
262,4,4,0,9,4.0
263,4,4,0,9,4.0
264,4,4,0,9,4.0
265,2,1,0,12,1.5
266,2,1,0,12,1.5
267,2,1,0,12,1.5
268,2,1,0,12,1.5
269,2,1,0,12,1.5
270,2,1,0,12,1.5
271,2,1,0,12,1.5
272,2,1,0,12,1.5
273,2,1,0,12,1.5
274,2,1,0,12,1.5
275,2,1,0,12,1.5
276,2,1,0,12,1.5
277,2,1,0,12,1.5
278,2,1,0,12,1.5
279,2,1,0,12,1.5
280,2,1,0,12,1.5
281,2,1,0,12,1.5
282,2,1,0,12,1.5
283,2,1,0,12,1.5
284,2,1,0,12,1.5
285,2,1,0,12,1.5
286,2,1,0,12,1.5
287,2,1,0,12,1.5
288,2,1,0,12,1.5
289,4,4,0,14,4.0
290,4,4,0,14,4.0
291,4,4,0,14,4.0
292,4,4,0,14,4.0
293,4,4,0,14,4.0
294,4,4,0,14,4.0
295,4,4,0,14,4.0
296,4,4,0,14,4.0
297,4,4,0,14,4.0
298,4,4,0,14,4.0
299,4,4,0,14,4.0
300,4,4,0,14,4.0
301,4,4,0,14,4.0
302,4,4,0,14,4.0
303,4,4,0,14,4.0
304,4,4,0,14,4.0
305,4,4,0,14,4.0
306,4,4,0,14,4.0
307,4,4,0,14,4.0
308,4,4,0,14,4.0
309,4,4,0,14,4.0
310,4,4,0,14,4.0
311,4,4,0,14,4.0
312,4,4,0,14,4.0
313,4,4,0,14,4.0
314,4,4,0,14,4.0
315,4,4,0,14,4.0
316,4,4,0,14,4.0
317,4,4,0,14,4.0
318,4,4,0,14,4.0
319,4,4,0,14,4.0
320,4,4,0,14,4.0
321,4,4,0,14,4.0
322,4,4,0,14,4.0
323,4,4,0,14,4.0
324,4,4,0,14,4.0
325,4,4,0,14,4.0
326,4,4,0,14,4.0
327,4,4,0,14,4.0
328,4,4,0,14,4.0
329,4,4,0,14,4.0
330,4,4,0,14,4.0
331,4,4,0,14,4.0
332,4,4,0,14,4.0
333,4,4,0,14,4.0
334,4,4,0,14,4.0
335,4,4,0,14,4.0
336,4,4,0,14,4.0
337,4,4,0,14,4.0
338,4,4,0,14,4.0
339,4,4,0,14,4.0
340,4,4,0,14,4.0
341,4,4,0,14,4.0
342,4,4,0,14,4.0
343,4,4,0,14,4.0
344,4,4,0,14,4.0
345,4,4,0,14,4.0
346,4,4,0,14,4.0
347,4,4,0,14,4.0
348,4,4,0,14,4.0
349,4,4,0,14,4.0
350,4,4,0,14,4.0
351,4,4,0,14,4.0
352,4,4,0,14,4.0
353,4,4,0,14,4.0
354,4,4,0,14,4.0
355,4,4,0,14,4.0
356,4,4,0,14,4.0
357,4,4,0,14,4.0
358,4,4,0,14,4.0
359,4,4,0,14,4.0
360,4,4,0,14,4.0
361,4,4,0,14,4.0
362,4,4,0,14,4.0
363,4,4,0,14,4.0
364,4,4,0,14,4.0
365,4,4,0,14,4.0
366,4,4,0,14,4.0
367,4,4,0,14,4.0
368,4,4,0,14,4.0
369,4,4,0,14,4.0
370,4,4,0,14,4.0
371,4,4,0,14,4.0
372,4,4,0,14,4.0
373,4,4,0,14,4.0
374,4,4,0,14,4.0
375,4,4,0,14,4.0
376,4,4,0,14,4.0
377,4,4,0,14,4.0
378,4,4,0,14,4.0
379,4,4,0,14,4.0
380,4,4,0,14,4.0
381,4,4,0,14,4.0
382,4,4,0,14,4.0
383,4,4,0,14,4.0
384,4,4,0,14,4.0
385,4,4,0,14,4.0
386,4,4,0,14,4.0
387,4,4,0,14,4.0
388,4,4,0,14,4.0
389,4,4,0,14,4.0
390,4,4,0,14,4.0
391,4,4,0,14,4.0
392,4,4,0,14,4.0
393,4,4,0,14,4.0
394,4,4,0,14,4.0
395,4,4,0,14,4.0
396,4,4,0,14,4.0
397,4,4,0,14,4.0
398,4,4,0,14,4.0
399,4,3,0,11,3.5
400,4,3,0,11,3.5
401,4,3,0,11,3.5
402,4,3,0,11,3.5
403,4,3,0,11,3.5
404,4,3,0,11,3.5
405,4,3,0,11,3.5
406,4,3,0,11,3.5
407,4,3,0,11,3.5
408,4,3,0,11,3.5
409,4,3,0,11,3.5
410,4,3,0,11,3.5
411,4,3,0,11,3.5
412,4,3,0,11,3.5
413,4,3,0,11,3.5
414,4,3,0,11,3.5
415,4,3,0,11,3.5
416,4,3,0,11,3.5
417,4,3,0,11,3.5
418,4,3,0,11,3.5
419,4,3,0,11,3.5
420,4,3,0,11,3.5
421,4,3,0,11,3.5
422,4,3,0,11,3.5
423,4,3,0,11,3.5
424,4,3,0,11,3.5
425,4,3,0,11,3.5
426,4,3,0,11,3.5
427,4,3,0,11,3.5
428,4,3,0,11,3.5
429,4,3,0,11,3.5
430,4,3,0,11,3.5
431,2,2,0,16,2.0
432,2,2,0,16,2.0
433,2,2,0,16,2.0
434,3,2,3,5,2.5
435,4,3,0,10,3.5
436,4,3,0,10,3.5
437,4,3,0,10,3.5
438,4,3,0,10,3.5
439,4,3,0,10,3.5
440,4,3,0,10,3.5
441,4,3,0,10,3.5
442,4,3,0,10,3.5
443,4,3,0,10,3.5
444,4,3,0,10,3.5
445,4,3,0,10,3.5
446,4,3,0,10,3.5
447,4,4,0,15,4.0
448,4,4,0,15,4.0
449,4,4,0,15,4.0
450,4,4,0,15,4.0
451,4,4,0,15,4.0
452,4,4,0,15,4.0
453,4,4,0,15,4.0
454,4,4,0,15,4.0
455,4,4,0,15,4.0
456,4,4,0,15,4.0
457,4,4,0,15,4.0
458,4,4,0,15,4.0
459,4,4,0,15,4.0
460,4,4,0,15,4.0
461,4,4,0,15,4.0
462,4,4,0,15,4.0
463,4,4,0,15,4.0
464,4,4,0,15,4.0
465,4,4,0,15,4.0
466,4,4,0,15,4.0
467,4,4,0,15,4.0
468,4,4,0,15,4.0
469,4,4,0,15,4.0
470,4,4,0,15,4.0
471,4,4,0,15,4.0
472,4,4,0,15,4.0
473,4,4,0,15,4.0
474,4,4,0,15,4.0
475,4,4,0,15,4.0
476,4,4,0,15,4.0
477,4,4,0,15,4.0
478,4,4,0,15,4.0
479,4,4,0,15,4.0
480,4,4,0,15,4.0
481,4,4,0,15,4.0
482,4,4,0,15,4.0
483,4,4,0,15,4.0
484,4,4,0,15,4.0
485,4,4,0,15,4.0
486,4,4,0,15,4.0
487,4,4,0,15,4.0
488,4,4,0,15,4.0
489,4,4,0,15,4.0
490,4,4,0,15,4.0
491,4,4,0,15,4.0
492,4,4,0,15,4.0
493,4,4,0,15,4.0
494,4,4,0,15,4.0
495,4,4,0,15,4.0
496,4,4,0,15,4.0
497,4,4,0,15,4.0
498,4,4,0,15,4.0
499,4,4,0,15,4.0
500,4,4,0,15,4.0
501,4,2,0,16,3.0
502,4,2,0,16,3.0
503,4,2,0,16,3.0
504,4,2,0,16,3.0
505,4,2,0,16,3.0
506,4,2,0,16,3.0
507,4,2,0,16,3.0
508,4,2,0,16,3.0
509,4,2,0,16,3.0
510,4,2,0,16,3.0
511,4,2,0,16,3.0
512,4,2,0,16,3.0
513,2,2,0,12,2.0
514,2,2,0,12,2.0
515,2,2,0,12,2.0
516,2,2,0,12,2.0
517,2,2,0,12,2.0
518,2,2,0,12,2.0
519,2,2,0,12,2.0
520,2,2,0,12,2.0
521,2,2,0,12,2.0
522,2,2,0,12,2.0
523,2,2,0,12,2.0
524,2,2,0,12,2.0
525,2,2,0,12,2.0
526,2,2,0,12,2.0
527,2,2,0,12,2.0
528,2,2,0,12,2.0
529,2,2,0,12,2.0
530,2,2,0,12,2.0
531,2,2,0,12,2.0
532,2,2,0,12,2.0
533,2,2,0,12,2.0
534,2,2,0,12,2.0
535,2,2,0,12,2.0
536,2,2,0,12,2.0
537,2,2,0,12,2.0
538,2,2,0,12,2.0
539,2,2,0,12,2.0
540,2,2,0,12,2.0
541,2,2,0,12,2.0
542,2,2,0,12,2.0
543,2,2,0,12,2.0
544,2,2,0,12,2.0
545,2,2,0,12,2.0
546,2,2,0,12,2.0
547,2,2,0,12,2.0
548,2,2,0,12,2.0
549,2,2,0,12,2.0
550,2,2,0,12,2.0
551,2,2,0,12,2.0
552,2,2,0,12,2.0
553,2,2,0,12,2.0
554,2,2,0,12,2.0
555,2,4,0,8,3.0
556,2,2,2,8,2.0
557,3,4,0,11,3.5
558,3,4,0,11,3.5
559,3,4,0,11,3.5
560,3,4,0,11,3.5
561,3,4,0,11,3.5
562,3,4,0,11,3.5
563,3,4,0,11,3.5
564,3,4,0,11,3.5
565,3,4,0,11,3.5
566,3,4,0,11,3.5
567,3,4,0,11,3.5
568,3,4,0,11,3.5
569,3,4,0,11,3.5
570,3,4,0,11,3.5
571,3,4,0,11,3.5
572,3,4,0,11,3.5
573,4,4,0,11,4.0
574,4,4,0,11,4.0
575,4,4,0,11,4.0
576,4,4,0,11,4.0
577,4,4,0,11,4.0
578,4,4,0,11,4.0
579,4,4,0,11,4.0
580,4,4,0,11,4.0
581,4,4,0,11,4.0
582,4,4,0,11,4.0
583,4,4,0,11,4.0
584,4,4,0,11,4.0
585,4,4,0,11,4.0
586,4,4,0,11,4.0
587,4,4,0,11,4.0
588,4,4,0,11,4.0
589,4,4,0,11,4.0
590,4,4,0,11,4.0
591,4,4,0,11,4.0
592,4,4,0,11,4.0
593,4,4,0,11,4.0
594,4,4,0,11,4.0
595,4,4,0,11,4.0
596,4,4,0,11,4.0
597,4,4,0,11,4.0
598,4,4,0,11,4.0
599,4,4,0,11,4.0
600,4,4,0,11,4.0
601,4,4,0,11,4.0
602,4,4,0,11,4.0
603,4,4,0,11,4.0
604,4,4,0,11,4.0
605,4,4,0,11,4.0
606,4,4,0,11,4.0
607,4,4,0,11,4.0
608,4,4,0,11,4.0
609,4,4,0,11,4.0
610,4,4,0,11,4.0
611,4,4,0,11,4.0
612,4,4,0,11,4.0
613,4,4,0,11,4.0
614,4,4,0,11,4.0
615,4,4,0,11,4.0
616,4,4,0,11,4.0
617,4,4,0,11,4.0
618,4,4,0,11,4.0
619,4,4,0,11,4.0
620,4,4,0,11,4.0
621,4,4,0,11,4.0
622,4,4,0,11,4.0
623,4,4,0,11,4.0
624,4,4,0,11,4.0
625,4,4,0,11,4.0
626,4,4,0,11,4.0
627,4,4,0,11,4.0
628,4,4,0,11,4.0
629,4,4,0,11,4.0
630,4,4,0,11,4.0
631,4,4,0,11,4.0
632,4,4,0,11,4.0
633,4,4,0,11,4.0
634,4,4,0,11,4.0
635,4,4,0,11,4.0
636,4,4,0,11,4.0
637,4,4,0,11,4.0
638,4,4,0,11,4.0
639,4,4,0,11,4.0
640,4,4,0,11,4.0
641,4,4,0,11,4.0
642,4,4,0,11,4.0
643,4,4,0,11,4.0
644,4,4,0,11,4.0
645,4,4,0,11,4.0
646,4,4,0,11,4.0
647,4,4,0,11,4.0
648,4,4,0,11,4.0
649,4,4,0,11,4.0
650,4,4,0,11,4.0
651,4,4,0,11,4.0
652,4,4,0,11,4.0
653,4,4,0,11,4.0
654,4,4,0,12,4.0
655,4,4,0,12,4.0
656,4,4,0,12,4.0
657,4,4,0,12,4.0
658,4,4,0,12,4.0
659,4,4,0,12,4.0
660,4,4,0,12,4.0
661,4,4,0,12,4.0
662,4,4,0,12,4.0
663,4,4,0,12,4.0
664,4,4,0,12,4.0
665,4,4,0,12,4.0
666,4,4,0,12,4.0
667,4,4,0,12,4.0
668,4,4,0,12,4.0
669,4,4,0,12,4.0
670,4,4,0,12,4.0
671,4,4,0,12,4.0
672,4,4,0,12,4.0
673,4,4,0,12,4.0
674,4,4,0,12,4.0
675,4,4,0,12,4.0
676,4,4,0,12,4.0
677,4,4,0,12,4.0
678,4,4,0,12,4.0
679,4,4,0,12,4.0
680,4,4,0,12,4.0
681,4,4,0,12,4.0
682,4,4,0,12,4.0
683,4,4,0,12,4.0
684,4,4,0,12,4.0
685,4,4,0,12,4.0
686,4,4,0,12,4.0
687,4,4,0,12,4.0
688,4,4,0,12,4.0
689,4,4,0,12,4.0
690,4,4,0,12,4.0
691,4,4,0,12,4.0
692,4,4,0,12,4.0
693,4,4,0,12,4.0
694,4,4,0,12,4.0
695,4,4,0,12,4.0
696,4,4,0,12,4.0
697,4,4,0,12,4.0
698,4,4,0,12,4.0
699,4,4,0,12,4.0
700,4,4,0,12,4.0
701,4,4,0,12,4.0
702,4,4,0,12,4.0
703,4,4,0,12,4.0
704,4,4,0,12,4.0
705,4,4,0,12,4.0
706,4,4,0,12,4.0
707,4,4,0,12,4.0
708,4,4,0,12,4.0
709,4,4,0,12,4.0
710,4,4,0,12,4.0
711,4,4,0,12,4.0
712,4,4,0,12,4.0
713,4,4,0,12,4.0
714,4,4,0,12,4.0
715,4,4,0,12,4.0
716,4,4,0,12,4.0
717,4,4,0,12,4.0
718,4,4,0,12,4.0
719,4,4,0,12,4.0
720,4,4,0,12,4.0
721,4,4,0,12,4.0
722,4,4,0,12,4.0
723,4,4,0,12,4.0
724,4,4,0,12,4.0
725,4,4,0,12,4.0
726,4,4,0,12,4.0
727,4,4,0,12,4.0
728,4,4,0,12,4.0
729,4,4,0,12,4.0
730,4,4,0,12,4.0
731,4,4,0,12,4.0
732,4,4,0,12,4.0
733,4,4,0,12,4.0
734,4,4,0,12,4.0
735,4,4,0,12,4.0
736,4,4,0,12,4.0
737,4,4,0,12,4.0
738,4,4,0,12,4.0
739,4,4,0,12,4.0
740,4,4,0,12,4.0
741,4,4,0,12,4.0
742,4,4,0,12,4.0
743,4,4,0,12,4.0
744,4,4,0,12,4.0
745,4,4,0,12,4.0
746,4,4,0,12,4.0
747,4,4,0,12,4.0
748,4,4,0,12,4.0
749,4,4,0,12,4.0
750,4,4,0,17,4.0
751,4,4,0,17,4.0
752,4,4,0,17,4.0
753,4,4,0,17,4.0
754,4,4,0,17,4.0
755,4,4,0,17,4.0
756,4,4,0,17,4.0
757,4,4,0,17,4.0
758,4,4,0,17,4.0
759,4,4,0,17,4.0
760,4,4,0,17,4.0
761,4,4,0,17,4.0
762,4,4,0,17,4.0
763,4,4,0,17,4.0
764,4,4,0,17,4.0
765,4,4,0,17,4.0
766,4,4,0,17,4.0
767,4,4,0,17,4.0
768,4,3,0,16,3.5
769,4,3,0,16,3.5
770,4,3,0,16,3.5
771,3,3,0,12,3.0
772,3,3,0,12,3.0
773,3,3,0,12,3.0
774,3,3,0,12,3.0
775,3,3,0,12,3.0
776,3,3,0,12,3.0
777,3,3,0,12,3.0
778,3,3,0,12,3.0
779,3,3,0,12,3.0
780,3,3,0,12,3.0
781,3,3,0,12,3.0
782,3,3,0,12,3.0
783,3,2,0,15,2.5
784,3,2,0,15,2.5
785,3,2,0,15,2.5
786,3,2,0,15,2.5
787,3,2,0,15,2.5
788,3,2,0,15,2.5
789,3,2,0,15,2.5
790,3,2,0,15,2.5
791,3,2,0,15,2.5
792,3,2,0,15,2.5
793,3,2,0,15,2.5
794,3,2,0,15,2.5
795,3,2,0,15,2.5
796,3,2,0,15,2.5
797,3,2,0,15,2.5
798,2,3,0,6,2.5
799,4,3,0,18,3.5
800,4,3,0,18,3.5
801,4,3,0,18,3.5
802,2,2,0,13,2.0
803,2,2,0,13,2.0
804,2,2,0,13,2.0
805,2,2,0,13,2.0
806,2,2,0,13,2.0
807,2,2,0,13,2.0
808,2,2,0,13,2.0
809,2,2,0,13,2.0
810,2,2,0,13,2.0
811,2,2,0,13,2.0
812,2,2,0,13,2.0
813,2,2,0,13,2.0
814,2,2,0,13,2.0
815,2,2,0,13,2.0
816,2,2,0,13,2.0
817,2,2,0,13,2.0
818,2,2,0,13,2.0
819,2,2,0,13,2.0
820,2,2,0,13,2.0
821,2,2,0,13,2.0
822,2,2,0,13,2.0
823,2,2,0,13,2.0
824,2,2,0,13,2.0
825,2,2,0,13,2.0
826,2,2,0,13,2.0
827,2,2,0,13,2.0
828,2,2,0,13,2.0
829,2,2,0,13,2.0
830,2,2,0,13,2.0
831,2,2,0,13,2.0
832,2,2,0,13,2.0
833,2,2,0,13,2.0
834,2,2,0,13,2.0
835,2,2,0,13,2.0
836,2,2,0,13,2.0
837,2,2,0,13,2.0
838,2,2,0,13,2.0
839,2,2,0,13,2.0
840,2,2,0,13,2.0
841,2,2,0,13,2.0
842,2,2,0,13,2.0
843,2,2,0,13,2.0
844,2,2,0,13,2.0
845,2,2,0,13,2.0
846,2,2,0,13,2.0
847,2,2,0,13,2.0
848,2,2,0,13,2.0
849,2,2,0,13,2.0
850,2,2,0,13,2.0
851,2,2,0,13,2.0
852,2,2,0,13,2.0
853,2,2,0,13,2.0
854,2,2,0,13,2.0
855,2,2,0,13,2.0
856,2,2,0,13,2.0
857,2,2,0,13,2.0
858,2,2,0,13,2.0
859,2,2,0,13,2.0
860,2,2,0,13,2.0
861,2,2,0,13,2.0
862,2,2,0,13,2.0
863,2,2,0,13,2.0
864,2,2,0,13,2.0
865,2,2,0,13,2.0
866,2,2,0,13,2.0
867,2,2,0,13,2.0
868,2,2,0,13,2.0
869,2,2,0,13,2.0
870,2,2,0,13,2.0
871,2,2,0,13,2.0
872,2,2,0,13,2.0
873,2,2,0,13,2.0
874,2,2,1,11,2.0
875,2,2,1,11,2.0
876,4,4,0,18,4.0
877,4,4,0,18,4.0
878,2,2,1,9,2.0
879,2,2,1,9,2.0
880,4,3,0,6,3.5
881,3,3,0,11,3.0
882,3,3,0,11,3.0
883,3,3,0,11,3.0
884,3,3,0,11,3.0
885,3,3,0,11,3.0
886,3,3,0,11,3.0
887,3,3,0,11,3.0
888,3,3,0,11,3.0
889,3,3,0,11,3.0
890,3,3,0,11,3.0
891,3,3,0,11,3.0
892,3,3,0,11,3.0
893,3,3,0,11,3.0
894,3,3,0,11,3.0
895,3,3,0,11,3.0
896,3,3,0,11,3.0
897,3,3,0,11,3.0
898,3,3,0,11,3.0
899,3,3,0,11,3.0
900,3,3,0,11,3.0
901,3,3,0,11,3.0
902,3,3,0,11,3.0
903,3,3,0,11,3.0
904,3,3,0,11,3.0
905,3,3,0,11,3.0
906,3,3,0,11,3.0
907,3,3,0,11,3.0
908,3,3,0,11,3.0
909,3,3,0,11,3.0
910,3,3,0,11,3.0
911,3,3,0,11,3.0
912,3,3,0,11,3.0
913,3,3,0,11,3.0
914,3,3,0,11,3.0
915,3,3,0,11,3.0
916,3,3,0,11,3.0
917,3,3,0,11,3.0
918,3,3,0,11,3.0
919,3,3,0,11,3.0
920,3,3,0,11,3.0
921,3,3,0,11,3.0
922,3,3,0,11,3.0
923,3,3,0,11,3.0
924,3,3,0,11,3.0
925,3,3,0,11,3.0
926,4,3,0,20,3.5
927,4,2,0,14,3.0
928,4,2,0,14,3.0
929,4,2,0,14,3.0
930,4,2,0,14,3.0
931,4,2,0,14,3.0
932,4,2,0,14,3.0
933,4,2,0,14,3.0
934,4,2,0,14,3.0
935,4,2,0,14,3.0
936,4,2,0,14,3.0
937,4,2,0,14,3.0
938,4,2,0,14,3.0
939,4,2,0,14,3.0
940,4,2,0,14,3.0
941,4,2,0,14,3.0
942,4,2,0,14,3.0
943,4,2,0,14,3.0
944,4,2,0,14,3.0
945,4,4,1,7,4.0
946,4,2,0,13,3.0
947,4,2,0,13,3.0
948,4,2,1,10,3.0
949,3,3,0,13,3.0
950,3,3,0,13,3.0
951,3,3,0,13,3.0
952,3,3,0,13,3.0
953,3,3,0,13,3.0
954,3,3,0,13,3.0
955,3,3,0,13,3.0
956,3,3,0,13,3.0
957,3,3,0,13,3.0
958,3,3,0,13,3.0
959,3,3,0,13,3.0
960,3,3,0,13,3.0
961,3,3,0,13,3.0
962,3,3,0,13,3.0
963,3,3,0,13,3.0
964,3,3,0,13,3.0
965,3,3,0,13,3.0
966,3,3,0,13,3.0
967,3,3,0,13,3.0
968,3,3,0,13,3.0
969,3,3,0,13,3.0
970,3,3,0,13,3.0
971,3,3,0,13,3.0
972,3,3,0,13,3.0
973,3,3,0,13,3.0
974,3,3,0,13,3.0
975,3,3,0,13,3.0
976,3,3,0,13,3.0
977,3,3,0,13,3.0
978,3,3,0,13,3.0
979,2,1,0,10,1.5
980,2,1,0,10,1.5
981,2,1,0,10,1.5
982,2,1,0,10,1.5
983,2,1,0,10,1.5
984,2,1,0,10,1.5
985,2,1,0,10,1.5
986,2,1,0,10,1.5
987,2,1,0,10,1.5
988,2,1,0,10,1.5
989,1,2,0,9,1.5
990,1,2,0,9,1.5
991,1,2,0,9,1.5
992,1,2,0,9,1.5
993,1,1,0,11,1.0
994,1,1,0,11,1.0
995,1,1,0,11,1.0
996,1,1,0,11,1.0
997,1,1,0,11,1.0
998,1,1,0,11,1.0
999,1,1,0,11,1.0
1000,1,1,0,11,1.0
1001,1,1,0,11,1.0
1002,1,1,0,11,1.0
1003,1,1,0,11,1.0
1004,1,1,0,11,1.0
1005,1,1,0,11,1.0
1006,1,1,0,11,1.0
1007,1,1,0,11,1.0
1008,1,1,0,11,1.0
1009,1,1,0,11,1.0
1010,1,1,0,11,1.0
1011,1,1,0,11,1.0
1012,1,1,0,11,1.0
1013,1,1,0,11,1.0
1014,1,1,0,11,1.0
1015,1,1,0,11,1.0
1016,1,1,0,11,1.0
1017,1,1,0,11,1.0
1018,1,1,0,11,1.0
1019,1,1,0,11,1.0
1020,1,1,0,11,1.0
1021,1,1,0,11,1.0
1022,1,1,0,11,1.0
1023,1,1,0,11,1.0
1024,1,1,0,11,1.0
1025,1,1,0,11,1.0
1026,1,1,0,11,1.0
1027,1,1,0,11,1.0
1028,1,1,0,11,1.0
1029,1,1,0,11,1.0
1030,1,1,0,11,1.0
1031,1,1,0,11,1.0
1032,1,1,0,11,1.0
1033,1,1,0,11,1.0
1034,1,1,0,11,1.0
1035,1,1,0,11,1.0
1036,1,1,0,11,1.0
1037,4,3,0,9,3.5
1038,4,3,0,9,3.5
1039,4,3,0,9,3.5
1040,4,3,0,9,3.5
1041,3,1,0,6,2.0
1042,3,1,0,6,2.0
1043,2,2,0,8,2.0
1044,2,2,0,8,2.0
1045,2,2,0,8,2.0
1046,2,2,0,8,2.0
1047,2,2,0,8,2.0
1048,2,2,0,8,2.0
1049,2,2,0,8,2.0
1050,2,2,0,8,2.0
1051,2,2,0,8,2.0
1052,2,2,0,8,2.0
1053,2,2,0,8,2.0
1054,2,2,0,8,2.0
1055,3,1,0,16,2.0
1056,3,1,0,16,2.0
1057,3,1,0,15,2.0
1058,3,1,0,15,2.0
1059,4,2,0,10,3.0
1060,4,2,0,10,3.0
1061,4,2,0,10,3.0
1062,4,2,0,10,3.0
1063,4,2,0,10,3.0
1064,4,2,0,10,3.0
1065,1,1,2,5,1.0
1066,3,1,0,14,2.0
1067,3,1,0,14,2.0
1068,4,0,0,10,2.0
1069,2,1,3,10,1.5
1070,2,1,3,10,1.5
1071,3,4,0,5,3.5
1072,2,3,0,12,2.5
1073,2,3,0,12,2.5
1074,2,3,0,12,2.5
1075,2,3,0,12,2.5
1076,2,3,0,12,2.5
1077,2,3,0,12,2.5
1078,2,3,0,12,2.5
1079,2,3,0,12,2.5
1080,2,3,0,11,2.5
1081,2,3,0,11,2.5
1082,3,2,0,6,2.5
1083,3,2,0,6,2.5
1084,2,2,0,15,2.0
1085,2,2,0,15,2.0
1086,2,2,0,15,2.0
1087,2,2,0,15,2.0
1088,2,2,0,15,2.0
1089,2,2,0,15,2.0
1090,2,2,0,15,2.0
1091,2,2,0,15,2.0
1092,2,2,0,15,2.0
1093,2,2,0,15,2.0
1094,2,2,0,15,2.0
1095,2,2,0,15,2.0
1096,2,2,0,15,2.0
1097,2,2,0,15,2.0
1098,2,2,0,15,2.0
1099,1,1,0,10,1.0
1100,1,1,0,10,1.0
1101,1,1,0,10,1.0
1102,1,1,0,10,1.0
1103,1,1,0,10,1.0
1104,1,1,0,10,1.0
1105,1,1,0,10,1.0
1106,1,1,0,10,1.0
1107,1,1,0,10,1.0
1108,1,1,0,10,1.0
1109,1,1,0,10,1.0
1110,1,1,0,10,1.0
1111,1,1,0,10,1.0
1112,1,1,0,10,1.0
1113,1,1,0,10,1.0
1114,1,1,0,10,1.0
1115,1,1,0,10,1.0
1116,1,1,0,10,1.0
1117,1,1,0,10,1.0
1118,1,1,0,10,1.0
1119,1,1,0,10,1.0
1120,1,1,0,10,1.0
1121,1,1,0,10,1.0
1122,1,1,0,10,1.0
1123,1,1,0,10,1.0
1124,1,1,0,10,1.0
1125,1,1,0,10,1.0
1126,1,1,0,10,1.0
1127,1,1,0,10,1.0
1128,1,1,0,10,1.0
1129,1,1,0,10,1.0
1130,1,1,0,10,1.0
1131,1,1,0,10,1.0
1132,1,1,0,10,1.0
1133,1,1,0,10,1.0
1134,1,1,0,10,1.0
1135,1,1,0,10,1.0
1136,1,1,0,10,1.0
1137,1,1,0,10,1.0
1138,1,1,0,10,1.0
1139,1,1,0,10,1.0
1140,1,1,0,10,1.0
1141,1,1,0,10,1.0
1142,1,1,0,10,1.0
1143,1,1,0,10,1.0
1144,1,1,0,10,1.0
1145,1,1,0,10,1.0
1146,1,1,0,10,1.0
1147,1,1,0,10,1.0
1148,1,1,0,10,1.0
1149,1,1,0,10,1.0
1150,1,1,0,10,1.0
1151,1,1,0,10,1.0
1152,1,1,0,10,1.0
1153,1,1,0,10,1.0
1154,1,1,0,10,1.0
1155,1,1,0,10,1.0
1156,1,1,0,10,1.0
1157,1,1,0,10,1.0
1158,1,1,0,10,1.0
1159,1,1,0,10,1.0
1160,1,1,0,10,1.0
1161,1,1,0,10,1.0
1162,1,1,0,10,1.0
1163,1,1,0,10,1.0
1164,1,1,0,10,1.0
1165,4,4,2,8,4.0
1166,2,2,0,6,2.0
1167,2,2,0,6,2.0
1168,2,2,1,10,2.0
1169,2,2,1,10,2.0
1170,2,2,1,10,2.0
1171,2,2,1,10,2.0
1172,4,4,0,7,4.0
1173,3,3,0,8,3.0
1174,3,3,0,8,3.0
1175,3,3,0,8,3.0
1176,2,2,0,14,2.0
1177,2,2,0,14,2.0
1178,2,2,0,14,2.0
1179,2,2,0,14,2.0
1180,2,2,0,14,2.0
1181,2,2,0,14,2.0
1182,2,2,0,14,2.0
1183,2,2,0,14,2.0
1184,2,2,0,14,2.0
1185,2,2,0,14,2.0
1186,2,2,0,14,2.0
1187,2,2,0,14,2.0
1188,2,2,0,14,2.0
1189,2,2,0,14,2.0
1190,2,2,0,14,2.0
1191,2,2,0,14,2.0
1192,1,1,1,10,1.0
1193,1,1,1,10,1.0
1194,1,1,1,10,1.0
1195,1,1,1,10,1.0
1196,1,1,1,10,1.0
1197,1,1,1,10,1.0
1198,1,1,1,10,1.0
1199,1,1,1,10,1.0
1200,1,1,1,10,1.0
1201,1,1,1,10,1.0
1202,1,1,1,10,1.0
1203,1,1,1,10,1.0
1204,1,1,1,10,1.0
1205,1,1,1,10,1.0
1206,4,3,0,8,3.5
1207,4,3,0,8,3.5
1208,4,3,0,8,3.5
1209,4,3,0,8,3.5
1210,4,4,0,5,4.0
1211,3,4,0,18,3.5
1212,3,3,0,18,3.0
1213,4,4,0,13,4.0
1214,4,4,0,13,4.0
1215,4,4,0,13,4.0
1216,4,4,0,13,4.0
1217,4,4,0,13,4.0
1218,4,4,0,13,4.0
1219,4,4,0,13,4.0
1220,4,4,0,13,4.0
1221,4,4,0,13,4.0
1222,4,4,0,13,4.0
1223,4,4,0,13,4.0
1224,4,4,0,13,4.0
1225,4,4,0,13,4.0
1226,4,4,0,13,4.0
1227,4,4,0,13,4.0
1228,4,4,0,13,4.0
1229,4,4,0,13,4.0
1230,4,4,0,13,4.0
1231,4,4,0,13,4.0
1232,4,4,0,13,4.0
1233,4,4,0,13,4.0
1234,4,4,0,13,4.0
1235,4,4,0,13,4.0
1236,4,4,0,13,4.0
1237,4,4,0,13,4.0
1238,4,4,0,13,4.0
1239,4,4,0,13,4.0
1240,4,4,0,13,4.0
1241,4,4,0,13,4.0
1242,4,4,0,13,4.0
1243,4,4,0,13,4.0
1244,4,4,0,13,4.0
1245,4,4,0,13,4.0
1246,4,4,0,13,4.0
1247,4,4,0,13,4.0
1248,4,4,0,13,4.0
1249,4,4,0,13,4.0
1250,4,4,0,13,4.0
1251,4,4,0,13,4.0
1252,4,4,0,13,4.0
1253,4,4,0,13,4.0
1254,4,4,0,13,4.0
1255,4,4,0,13,4.0
1256,4,4,0,13,4.0
1257,4,4,0,13,4.0
1258,4,4,0,13,4.0
1259,4,4,0,13,4.0
1260,4,4,0,13,4.0
1261,4,4,0,13,4.0
1262,4,4,0,13,4.0
1263,4,4,0,13,4.0
1264,4,4,0,13,4.0
1265,4,4,0,13,4.0
1266,4,4,0,13,4.0
1267,4,4,0,13,4.0
1268,4,4,0,13,4.0
1269,4,4,0,13,4.0
1270,4,4,0,13,4.0
1271,4,4,0,13,4.0
1272,4,4,0,13,4.0
1273,4,4,0,13,4.0
1274,4,4,0,13,4.0
1275,4,4,0,13,4.0
1276,4,4,0,13,4.0
1277,4,4,0,13,4.0
1278,4,4,0,13,4.0
1279,4,4,0,13,4.0
1280,4,4,0,13,4.0
1281,4,4,0,13,4.0
1282,4,4,0,13,4.0
1283,4,4,0,13,4.0
1284,4,4,0,13,4.0
1285,4,4,0,13,4.0
1286,4,4,0,13,4.0
1287,4,4,0,13,4.0
1288,4,4,0,13,4.0
1289,4,4,0,13,4.0
1290,4,4,0,13,4.0
1291,4,4,0,13,4.0
1292,4,4,0,13,4.0
1293,4,4,0,13,4.0
1294,4,4,0,13,4.0
1295,4,4,0,13,4.0
1296,4,4,0,13,4.0
1297,4,4,0,13,4.0
1298,4,4,0,13,4.0
1299,4,4,0,13,4.0
1300,4,4,0,13,4.0
1301,4,4,0,13,4.0
1302,4,4,0,13,4.0
1303,4,4,0,16,4.0
1304,4,4,0,16,4.0
1305,4,4,0,16,4.0
1306,4,4,0,16,4.0
1307,4,4,0,16,4.0
1308,4,4,0,16,4.0
1309,4,4,0,16,4.0
1310,4,4,0,16,4.0
1311,4,4,0,16,4.0
1312,4,4,0,16,4.0
1313,4,4,0,16,4.0
1314,4,4,0,16,4.0
1315,4,4,0,16,4.0
1316,4,4,0,16,4.0
1317,4,4,0,16,4.0
1318,4,4,0,16,4.0
1319,4,4,0,16,4.0
1320,4,4,0,16,4.0
1321,4,4,0,16,4.0
1322,4,4,0,16,4.0
1323,4,4,0,16,4.0
1324,4,4,0,16,4.0
1325,4,4,0,16,4.0
1326,4,4,0,16,4.0
1327,4,4,0,16,4.0
1328,4,4,0,16,4.0
1329,4,4,0,16,4.0
1330,4,4,0,16,4.0
1331,4,4,0,16,4.0
1332,4,4,0,16,4.0
1333,4,4,0,16,4.0
1334,4,4,0,16,4.0
1335,4,4,0,16,4.0
1336,4,4,0,16,4.0
1337,4,4,0,16,4.0
1338,4,4,0,16,4.0
1339,4,4,0,19,4.0
1340,4,4,0,19,4.0
1341,3,3,1,10,3.0
1342,3,3,1,10,3.0
1343,3,3,1,10,3.0
1344,3,3,1,10,3.0
1345,2,2,1,13,2.0
1346,4,2,0,19,3.0
1347,2,1,0,9,1.5
1348,2,1,0,9,1.5
1349,2,1,0,9,1.5
1350,2,1,0,9,1.5
1351,2,1,0,9,1.5
1352,2,1,0,9,1.5
1353,1,3,1,8,2.0
1354,1,3,1,8,2.0
1355,3,4,0,13,3.5
1356,3,4,0,13,3.5
1357,1,2,0,15,1.5
1358,1,2,0,15,1.5
1359,2,4,0,13,3.0
1360,3,4,0,12,3.5
1361,3,4,0,12,3.5
1362,0,1,3,9,0.5
1363,1,1,1,12,1.0
1364,1,1,1,12,1.0
1365,2,2,2,9,2.0
1366,2,2,2,9,2.0
1367,1,1,0,13,1.0
1368,1,1,0,13,1.0
1369,1,1,0,13,1.0
1370,1,1,0,13,1.0
1371,1,1,0,13,1.0
1372,1,1,0,13,1.0
1373,1,1,0,13,1.0
1374,1,2,0,11,1.5
1375,1,2,0,11,1.5
1376,1,2,0,11,1.5
1377,1,2,0,11,1.5
1378,1,2,0,11,1.5
1379,1,2,0,11,1.5
1380,1,2,0,11,1.5
1381,1,2,0,11,1.5
1382,1,2,0,11,1.5
1383,1,2,0,11,1.5
1384,1,2,0,11,1.5
1385,1,2,0,11,1.5
1386,1,2,0,11,1.5
1387,1,2,0,11,1.5
1388,1,2,0,11,1.5
1389,1,2,0,11,1.5
1390,1,2,0,11,1.5
1391,1,2,0,11,1.5
1392,2,1,1,14,1.5
1393,3,3,2,10,3.0
1394,2,3,0,8,2.5
1395,2,3,0,8,2.5
1396,1,2,0,13,1.5
1397,1,2,0,13,1.5
1398,1,2,0,13,1.5
1399,1,2,0,13,1.5
1400,3,3,1,12,3.0
1401,3,3,1,12,3.0
1402,3,2,2,7,2.5
1403,1,3,0,10,2.0
1404,1,3,0,10,2.0
1405,1,1,3,7,1.0
1406,1,1,3,7,1.0
1407,3,2,1,12,2.5
1408,2,2,0,10,2.0
1409,2,2,0,10,2.0
1410,2,2,0,10,2.0
1411,2,2,0,10,2.0
1412,2,2,0,10,2.0
1413,2,2,0,10,2.0
1414,2,2,0,10,2.0
1415,2,2,0,10,2.0
1416,2,2,0,10,2.0
1417,2,2,0,10,2.0
1418,2,2,0,10,2.0
1419,2,2,0,10,2.0
1420,2,2,0,10,2.0
1421,2,2,0,10,2.0
1422,2,2,0,10,2.0
1423,2,2,0,10,2.0
1424,2,2,0,10,2.0
1425,2,2,0,10,2.0
1426,2,2,0,10,2.0
1427,2,2,0,10,2.0
1428,2,2,0,10,2.0
1429,2,2,0,10,2.0
1430,2,2,0,10,2.0
1431,2,2,0,10,2.0
1432,2,2,0,10,2.0
1433,2,2,0,10,2.0
1434,2,2,0,10,2.0
1435,2,2,0,10,2.0
1436,2,2,0,10,2.0
1437,2,2,0,10,2.0
1438,2,2,0,10,2.0
1439,2,2,0,10,2.0
1440,2,2,0,10,2.0
1441,2,2,0,10,2.0
1442,2,2,0,10,2.0
1443,2,2,0,10,2.0
1444,2,2,0,10,2.0
1445,2,2,0,10,2.0
1446,2,2,0,10,2.0
1447,2,2,0,10,2.0
1448,2,2,0,10,2.0
1449,2,2,0,10,2.0
1450,2,2,0,10,2.0
1451,2,2,0,10,2.0
1452,2,2,0,10,2.0
1453,2,2,0,10,2.0
1454,2,2,0,10,2.0
1455,2,2,0,10,2.0
1456,2,2,0,10,2.0
1457,2,2,0,10,2.0
1458,2,2,0,10,2.0
1459,2,2,0,10,2.0
1460,2,2,0,10,2.0
1461,2,2,0,10,2.0
1462,2,2,0,10,2.0
1463,2,2,0,10,2.0
1464,1,0,0,16,0.5
1465,4,4,0,10,4.0
1466,4,4,0,10,4.0
1467,4,4,0,10,4.0
1468,4,4,0,10,4.0
1469,4,4,0,10,4.0
1470,4,4,0,10,4.0
1471,4,4,0,10,4.0
1472,4,4,0,10,4.0
1473,4,4,0,10,4.0
1474,4,4,0,10,4.0
1475,4,4,0,10,4.0
1476,4,4,0,10,4.0
1477,4,4,0,10,4.0
1478,4,4,0,10,4.0
1479,4,4,0,10,4.0
1480,3,3,0,9,3.0
1481,3,3,0,9,3.0
1482,3,3,0,9,3.0
1483,3,3,0,9,3.0
1484,3,3,0,9,3.0
1485,3,3,0,9,3.0
1486,3,3,0,9,3.0
1487,3,3,0,9,3.0
1488,3,3,0,6,3.0
1489,4,2,0,9,3.0
1490,2,4,0,17,3.0
1491,3,2,0,12,2.5
1492,3,2,0,12,2.5
1493,3,2,0,12,2.5
1494,3,2,0,12,2.5
1495,3,2,0,12,2.5
1496,3,2,0,12,2.5
1497,2,1,0,15,1.5
1498,2,1,0,15,1.5
1499,2,1,0,15,1.5
1500,2,1,0,15,1.5
1501,1,2,0,10,1.5
1502,1,2,0,10,1.5
1503,1,2,0,10,1.5
1504,1,2,0,10,1.5
1505,1,2,0,10,1.5
1506,1,2,0,10,1.5
1507,2,3,0,13,2.5
1508,2,3,0,13,2.5
1509,2,3,0,13,2.5
1510,2,3,0,13,2.5
1511,2,3,0,13,2.5
1512,2,3,0,13,2.5
1513,2,3,0,13,2.5
1514,2,3,0,13,2.5
1515,1,1,0,9,1.0
1516,1,1,0,9,1.0
1517,1,1,0,9,1.0
1518,1,1,0,9,1.0
1519,1,1,0,9,1.0
1520,1,1,0,9,1.0
1521,1,1,0,9,1.0
1522,1,1,0,9,1.0
1523,1,1,0,9,1.0
1524,1,1,0,9,1.0
1525,1,1,0,9,1.0
1526,1,1,0,9,1.0
1527,1,2,0,8,1.5
1528,2,3,0,14,2.5
1529,2,3,0,14,2.5
1530,2,3,0,14,2.5
1531,2,3,0,14,2.5
1532,2,3,0,14,2.5
1533,2,3,0,14,2.5
1534,2,3,0,14,2.5
1535,2,3,0,14,2.5
1536,2,4,0,15,3.0
1537,4,4,1,18,4.0
1538,2,3,0,10,2.5
1539,2,3,0,10,2.5
1540,2,3,0,10,2.5
1541,2,3,0,10,2.5
1542,2,3,0,10,2.5
1543,2,3,0,10,2.5
1544,2,3,0,10,2.5
1545,2,3,0,10,2.5
1546,3,4,1,9,3.5
1547,3,1,3,7,2.0
1548,4,3,0,13,3.5
1549,4,3,0,13,3.5
1550,4,3,0,13,3.5
1551,4,3,0,13,3.5
1552,4,3,0,13,3.5
1553,4,3,0,13,3.5
1554,4,3,0,13,3.5
1555,4,3,0,13,3.5
1556,4,3,0,13,3.5
1557,4,3,0,13,3.5
1558,4,3,0,13,3.5
1559,4,3,0,13,3.5
1560,4,3,0,13,3.5
1561,4,3,0,13,3.5
1562,4,3,0,13,3.5
1563,4,3,0,13,3.5
1564,4,3,0,7,3.5
1565,2,2,1,8,2.0
1566,2,2,1,8,2.0
1567,4,3,2,4,3.5
1568,3,3,1,8,3.0
1569,2,1,0,6,1.5
1570,2,3,0,17,2.5
1571,3,1,1,7,2.0
1572,4,3,0,14,3.5
1573,4,3,0,14,3.5
1574,4,3,0,14,3.5
1575,4,3,0,14,3.5
1576,4,3,0,14,3.5
1577,4,3,0,14,3.5
1578,4,3,0,14,3.5
1579,4,3,0,14,3.5
1580,4,3,0,14,3.5
1581,4,3,0,14,3.5
1582,3,2,0,10,2.5
1583,3,2,0,10,2.5
1584,3,2,0,10,2.5
1585,3,2,0,10,2.5
1586,3,2,0,10,2.5
1587,3,2,0,10,2.5
1588,3,2,0,10,2.5
1589,3,2,0,10,2.5
1590,3,2,0,10,2.5
1591,3,2,0,10,2.5
1592,3,2,0,10,2.5
1593,3,2,0,10,2.5
1594,2,1,0,11,1.5
1595,2,1,0,11,1.5
1596,2,1,0,11,1.5
1597,2,1,0,11,1.5
1598,2,1,0,11,1.5
1599,2,1,0,11,1.5
1600,2,1,0,11,1.5
1601,2,1,0,11,1.5
1602,4,3,0,12,3.5
1603,4,3,0,12,3.5
1604,4,3,0,12,3.5
1605,4,3,0,12,3.5
1606,2,1,0,18,1.5
1607,3,1,3,8,2.0
1608,3,3,1,5,3.0
1609,0,2,0,15,1.0
1610,0,2,0,15,1.0
1611,3,2,1,8,2.5
1612,2,1,1,8,1.5
1613,2,1,0,8,1.5
1614,2,1,0,8,1.5
1615,1,1,1,8,1.0
1616,1,1,1,8,1.0
1617,2,1,0,14,1.5
1618,2,1,0,14,1.5
1619,2,1,0,14,1.5
1620,2,1,0,14,1.5
1621,2,1,0,14,1.5
1622,2,1,0,14,1.5
1623,3,4,0,17,3.5
1624,3,4,0,17,3.5
1625,3,1,0,10,2.0
1626,3,1,0,10,2.0
1627,3,1,0,10,2.0
1628,3,1,0,10,2.0
1629,3,3,2,9,3.0
1630,1,2,0,14,1.5
1631,1,2,0,14,1.5
1632,1,2,0,14,1.5
1633,2,4,0,10,3.0
1634,3,2,0,9,2.5
1635,4,4,1,8,4.0
1636,4,4,1,8,4.0
1637,4,1,0,8,2.5
1638,3,2,1,10,2.5
1639,3,2,1,10,2.5
1640,1,1,0,12,1.0
1641,1,1,0,12,1.0
1642,1,1,0,12,1.0
1643,1,1,0,12,1.0
1644,1,1,0,12,1.0
1645,1,1,0,12,1.0
1646,1,1,0,12,1.0
1647,1,1,0,12,1.0
1648,1,1,0,12,1.0
1649,1,1,0,12,1.0
1650,1,1,0,12,1.0
1651,1,1,0,12,1.0
1652,1,1,0,12,1.0
1653,1,1,0,12,1.0
1654,2,2,0,19,2.0
1655,4,2,0,11,3.0
1656,4,2,0,11,3.0
1657,2,1,1,13,1.5
1658,3,1,0,18,2.0
1659,3,2,0,14,2.5
1660,3,2,0,14,2.5
1661,3,2,0,18,2.5
1662,3,2,0,18,2.5
1663,3,2,0,18,2.5
1664,3,2,0,18,2.5
1665,3,3,1,13,3.0
1666,2,4,1,12,3.0
1667,2,1,0,13,1.5
1668,2,1,0,13,1.5
1669,2,1,0,13,1.5
1670,2,1,0,13,1.5
1671,1,2,1,11,1.5
1672,3,2,1,11,2.5
1673,1,1,2,13,1.0
1674,2,3,1,11,2.5
1675,3,4,0,10,3.5
1676,2,2,0,9,2.0
1677,2,2,0,9,2.0
1678,3,3,0,16,3.0
1679,3,3,0,16,3.0
1680,2,4,0,14,3.0
1681,3,1,1,13,2.0
1682,3,3,0,17,3.0
1683,2,1,1,11,1.5
1684,2,1,1,11,1.5
1685,3,2,1,13,2.5
1686,1,1,3,8,1.0
1687,3,2,0,11,2.5
1688,3,2,0,11,2.5
1689,3,2,0,11,2.5
1690,3,2,0,11,2.5
1691,3,2,0,11,2.5
1692,3,2,0,11,2.5
1693,1,1,0,16,1.0
1694,1,4,0,13,2.5
1695,1,2,0,12,1.5
1696,1,2,0,12,1.5
1697,1,2,0,12,1.5
1698,1,2,0,12,1.5
1699,3,2,2,9,2.5
1700,1,2,0,5,1.5
1701,4,2,2,15,3.0
1702,3,3,0,15,3.0
1703,3,3,0,15,3.0
1704,3,3,0,15,3.0
1705,3,3,0,15,3.0
1706,2,1,0,7,1.5
1707,4,2,1,5,3.0
1708,3,1,0,8,2.0
1709,3,1,0,8,2.0
1710,3,1,0,8,2.0
1711,3,2,0,17,2.5
1712,3,2,0,17,2.5
1713,3,2,0,17,2.5
1714,3,2,0,17,2.5
1715,3,3,0,14,3.0
1716,3,3,0,14,3.0
1717,3,3,0,14,3.0
1718,3,3,0,14,3.0
1719,3,3,0,14,3.0
1720,3,3,0,14,3.0
1721,3,2,3,7,2.5
1722,4,3,0,17,3.5
1723,4,3,0,17,3.5
1724,4,3,0,17,3.5
1725,4,3,0,17,3.5
1726,4,3,0,17,3.5
1727,3,1,0,11,2.0
1728,3,1,0,11,2.0
1729,4,0,0,11,2.0
1730,2,3,0,9,2.5
1731,3,1,0,12,2.0
1732,3,1,0,12,2.0
1733,3,1,0,12,2.0
1734,4,4,0,8,4.0
1735,4,4,0,8,4.0
1736,4,4,0,8,4.0
1737,4,4,0,8,4.0
1738,3,4,0,16,3.5
1739,3,4,0,16,3.5
1740,4,2,0,18,3.0
1741,4,2,0,18,3.0
1742,4,2,0,18,3.0
1743,4,2,0,18,3.0
1744,4,2,0,18,3.0
1745,1,3,1,11,2.0
1746,3,4,0,14,3.5
1747,3,4,0,14,3.5
1748,3,4,0,14,3.5
1749,3,4,0,14,3.5
1750,3,4,0,9,3.5
1751,0,1,2,11,0.5
1752,2,1,3,8,1.5
1753,1,1,2,10,1.0
1754,1,1,2,10,1.0
1755,1,1,2,10,1.0
1756,1,1,1,9,1.0
1757,1,1,1,9,1.0
1758,1,1,1,9,1.0
1759,1,1,1,9,1.0
1760,1,1,1,9,1.0
1761,1,1,1,9,1.0
1762,2,1,1,10,1.5
1763,1,2,3,10,1.5
1764,1,1,3,11,1.0
1765,3,3,1,1,3.0
1766,1,2,2,10,1.5
1767,2,1,1,9,1.5
1768,3,2,2,8,2.5
1769,1,1,0,8,1.0
1770,1,1,0,8,1.0
1771,3,2,3,8,2.5
1772,3,4,1,10,3.5
1773,1,0,0,18,0.5
1774,1,3,0,13,2.0
1775,3,2,0,16,2.5
1776,3,2,0,16,2.5
1777,2,1,0,16,1.5
1778,2,1,0,16,1.5
1779,2,1,0,16,1.5
1780,2,1,0,16,1.5
1781,2,1,0,16,1.5
1782,2,1,0,16,1.5
1783,2,4,0,16,3.0
1784,2,4,0,16,3.0
1785,4,4,1,16,4.0
1786,1,1,0,15,1.0
1787,1,1,0,15,1.0
1788,1,1,0,15,1.0
1789,1,1,0,15,1.0
1790,1,1,0,15,1.0
1791,3,4,1,8,3.5
1792,3,4,1,8,3.5
1793,2,2,3,10,2.0
1794,4,1,0,13,2.5
1795,2,4,1,10,3.0
1796,3,3,1,7,3.0
1797,1,4,1,8,2.5
1798,3,1,3,5,2.0
1799,0,2,0,11,1.0
1800,3,2,0,7,2.5
1801,3,2,0,7,2.5
1802,2,1,2,6,1.5
1803,4,2,0,17,3.0
1804,4,2,0,17,3.0
1805,1,1,0,14,1.0
1806,1,1,0,14,1.0
1807,1,1,0,14,1.0
1808,1,1,0,14,1.0
1809,1,1,0,14,1.0
1810,1,1,0,14,1.0
1811,1,1,0,14,1.0
1812,1,1,0,14,1.0
1813,1,1,0,14,1.0
1814,2,3,0,16,2.5
1815,2,3,0,16,2.5
1816,1,2,0,18,1.5
1817,4,4,1,13,4.0
1818,4,1,0,10,2.5
1819,4,1,0,10,2.5
1820,3,2,0,13,2.5
1821,3,2,0,13,2.5
1822,3,2,0,13,2.5
1823,1,1,0,18,1.0
1824,1,1,0,18,1.0
1825,1,1,0,18,1.0
1826,2,2,0,18,2.0
1827,3,1,0,19,2.0
1828,3,2,2,15,2.5
1829,1,4,0,11,2.5
1830,1,1,2,9,1.0
1831,3,1,0,17,2.0
1832,4,4,2,12,4.0
1833,2,2,0,17,2.0
1834,2,2,0,17,2.0
1835,2,2,0,17,2.0
1836,4,4,1,11,4.0
1837,1,0,1,10,0.5
1838,1,3,0,11,2.0
1839,1,3,0,11,2.0
1840,1,1,1,7,1.0
1841,1,1,1,7,1.0
1842,0,2,0,12,1.0
1843,4,1,0,14,2.5
1844,4,1,0,14,2.5
1845,2,3,0,15,2.5
1846,1,2,1,8,1.5
1847,1,2,1,8,1.5
1848,1,2,1,8,1.5
1849,2,2,1,12,2.0
1850,2,3,1,10,2.5
1851,2,3,1,10,2.5
1852,3,2,2,10,2.5
1853,0,1,0,10,0.5
1854,1,2,1,7,1.5
1855,1,0,0,10,0.5
1856,2,4,1,8,3.0
1857,3,4,0,8,3.5
1858,4,4,3,8,4.0
1859,1,3,0,12,2.0
1860,4,1,0,11,2.5
1861,1,0,0,12,0.5
1862,3,1,3,10,2.0
1863,1,0,1,13,0.5
1864,3,2,3,9,2.5
1865,3,3,2,8,3.0
1866,2,1,3,9,1.5
1867,1,1,1,11,1.0
1868,1,3,0,9,2.0
1869,1,3,0,9,2.0
1870,1,2,2,8,1.5
1871,1,1,0,7,1.0
1872,0,0,0,11,0.0
1873,4,1,0,9,2.5
1874,1,1,2,7,1.0
1875,4,3,1,11,3.5
1876,3,1,0,9,2.0
